Date, Close/Last, Volume, Open, High, Low
08/03/2020, 11254.1, N/A, 11132.5, 11407.8, 11222.2
08/02/2020, 11157.1, N/A, 11968.2, 11202.7, 10981.6
08/01/2020, 11941.5, N/A, 11360.7, 11943.4, 11754.8
07/31/2020, 11387.8, N/A, 10972.3, 11394.3, 11226.1
07/30/2020, 10980.8, N/A, 10987.6, 11124.4, 10964.6
07/29/2020, 10999, N/A, 10970.9, 11114.4, 10959.9
07/28/2020, 10956.7, N/A, 10964.8, 10989.8, 10771.8
07/27/2020, 10935.6, N/A, 10196, 11229.1, 10854.2
07/26/2020, 10192, N/A, 9666.2, 10211.2, 9894.6
07/25/2020, 9666.3, N/A, 9582.9, 9690.7, 9645.9
07/24/2020, 9589, N/A, 9559.9, 9612.7, 9536.2
07/23/2020, 9560, N/A, 9489.5, 9599.8, 9545
07/22/2020, 9488.8, N/A, 9360.7, 9522.9, 9470.7
07/21/2020, 9361.9, N/A, 9179.7, 9389, 9353.7
07/20/2020, 9178.4, N/A, 9190.7, 9194.6, 9155.1
07/19/2020, 9188.5, N/A, 9156.1, 9218.4, 9177
07/18/2020, 9157, N/A, 9138.1, 9179.7, 9144.6
07/17/2020, 9139.4, N/A, 9119.5, 9167, 9128.1
07/16/2020, 9110.1, N/A, 9202.3, 9141.4, 9107.6
07/15/2020, 9200.1, N/A, 9234.7, 9224.2, 9183
07/14/2020, 9242.1, N/A, 9219.9, 9270.2, 9240.2
07/13/2020, 9224.1, N/A, 9272.7, 9245.6, 9219
07/12/2020, 9274.2, N/A, 9271.1, 9319.9, 9270.1
07/11/2020, 9276.5, N/A, 9268, 9286, 9232
07/10/2020, 9263.8, N/A, 9224.9, 9295.5, 9261.6
07/09/2020, 9215.5, N/A, 9385.3, 9239.6, 9206.5
07/08/2020, 9382.5, N/A, 9309.3, 9434.5, 9361.3
07/07/2020, 9300.5, N/A, 9293, 9319.9, 9233.1
07/06/2020, 9299.5, N/A, 9090.1, 9371.2, 9266.3
07/05/2020, 9088.7, N/A, 9133.8, 9114.1, 9063.2
07/04/2020, 9134.9, N/A, 9084.2, 9149.6, 9114
07/03/2020, 9086.1, N/A, 9097.4, 9100, 9053
07/02/2020, 9202, N/A, 9150.6, 9259.7, 9179.5
07/01/2020, 9233.4, N/A, 9134.9, 9259.7, 9225.2
06/30/2020, 9124.2, N/A, 9166.4, 9148, 9101.1
06/29/2020, 9171.7, N/A, 9101.3, 9199.8, 9158.7
06/28/2020, 9104.5, N/A, 8971, 9148.6, 9097.1
06/27/2020, 8970.6, N/A, 9161.7, 9008.2, 8950.2
06/26/2020, 9163.1, N/A, 9245.1, 9179.8, 9113.9
06/25/2020, 9249.4, N/A, 9098.7, 9296.5, 9194.3
06/24/2020, 9074.7, N/A, 9649.9, 9306, 9022.6
06/23/2020, 9645.9, N/A, 9655.5, 9663.7, 9614.8
06/22/2020, 9651.7, N/A, 9383.5, 9715.6, 9609.3
06/21/2020, 9378.5, N/A, 9371.1, 9395.2, 9285.8
06/20/2020, 9362, N/A, 9332, 9397.7, 9349.1
06/19/2020, 9331.8, N/A, 9280.8, 9350.1, 9294.2
06/18/2020, 9267.9, N/A, 9428.9, 9390.3, 9249.6
06/17/2020, 9436.3, N/A, 9461.9, 9468.8, 9403.4
06/16/2020, 9461.8, N/A, 9558, 9532.3, 9423.8
06/15/2020, 9549.2, N/A, 9166.7, 9570.7, 9379.3
06/14/2020, 9438.5, N/A, 9419.3, 9474.7, 9387.5
06/13/2020, 9431.5, N/A, 9411.4, 9474.7, 9428.7
06/12/2020, 9421.4, N/A, 9365.1, 9475.8, 9415.5
06/11/2020, 9381.5, N/A, 9887.3, 9391.3, 9249.4
06/10/2020, 9878.7, N/A, 9753.7, 9945.2, 9871
06/09/2020, 9754.2, N/A, 9679.4, 9805.8, 9745
06/08/2020, 9682.9, N/A, 9724.4, 9857.2, 9616.6
06/07/2020, 9718.6, N/A, 9689, 9770.5, 9708.5
06/06/2020, 9697.6, N/A, 9631.3, 9701.9, 9637.3
06/05/2020, 9616.2, N/A, 9794.5, 9629.3, 9549.5
06/04/2020, 9555, N/A, 9527.4, 9686.1, 9537.6
06/03/2020, 9681.7, N/A, 9494.1, 9686.1, 9617.6
06/02/2020, 9496, N/A, 10093.9, 9538.1, 9483.4
06/01/2020, 10080.8, N/A, 9552.8, 10207.3, 10050.4
05/31/2020, 9554.4, N/A, 9533.1, 9695.6, 9529.8
05/30/2020, 9587.2, N/A, 9394.5, 9695.6, 9567.5
05/29/2020, 9380.9, N/A, 9519.9, 9428.5, 9352.7
05/28/2020, 9525.3, N/A, 9173.1, 9596.5, 9468.1
05/27/2020, 9170.4, N/A, 8831.8, 9268.8, 9168.8
05/26/2020, 8850.5, N/A, 8901.8, 8891, 8818.6
05/25/2020, 8918.6, N/A, 8786.4, 8922.9, 8836.6
05/24/2020, 8773.7, N/A, 9195.4, 8817.9, 8666.1
05/23/2020, 9201, N/A, 9284.2, 9229.5, 9129.7
05/22/2020, 9275.5, N/A, 8995.1, 9303.2, 9169.7
05/21/2020, 8998.3, N/A, 9479.3, 9129.2, 8983.7
05/20/2020, 9477.8, N/A, 9721.8, 9567.1, 9463.1
05/19/2020, 9722.1, N/A, 9537.9, 9788.8, 9708.4
05/18/2020, 9524.6, N/A, 9856.6, 9737.8, 9524.6
05/17/2020, 9856.5, N/A, 9543.2, 9930.2, 9678.9
05/16/2020, 9559.1, N/A, 9411.1, 9570.4, 9327.8
05/15/2020, 9419.9, N/A, 9483.6, 9451.9, 9233
05/14/2020, 9497.4, N/A, 9338.5, 9819.6, 9319.3
05/13/2020, 9329.9, N/A, 8908.7, 9364.5, 9265.8
05/12/2020, 8913.3, N/A, 8717, 8964.7, 8799.1
05/11/2020, 8727.8, N/A, 8697.6, 8729.7, 8542.8
05/10/2020, 8659.3, N/A, 9753, 9569.4, 8259.3
05/09/2020, 8635.1, N/A, 9868.2, 9569.4, 8259.3
05/08/2020, 9873.7, N/A, 9914.8, 9910.5, 9747.2
05/07/2020, 9925.1, N/A, 9271.8, 10018.2, 9845.8
05/06/2020, 9263.6, N/A, 8962.9, 9338.2, 9064.8
05/05/2020, 8995.9, N/A, 8855.8, 9038.2, 8923.6
05/04/2020, 8870.5, N/A, 8728.4, 8920.7, 8831.4
05/03/2020, 8747.9, N/A, 9131.1, 8926.2, 8665.7
05/02/2020, 9137.7, N/A, 8840.9, 9169.9, 8935
05/01/2020, 8845.2, N/A, 8672.4, 8858.9, 8775.4
04/30/2020, 8673.9, N/A, 9279.1, 8758.1, 8621
04/29/2020, 9185.7, N/A, 7809.1, 9187.7, 8717.3
04/28/2020, 7801, N/A, 7708.9, 7822.6, 7729.7
04/27/2020, 7706.2, N/A, 7725.3, 7770.1, 7674
04/26/2020, 7723.7, N/A, 7569.6, 7768.4, 7676.1
04/25/2020, 7569.2, N/A, 7512.2, 7586.4, 7527
04/24/2020, 7510.2, N/A, 7520.8, 7516.9, 7451
04/23/2020, 7520.8, N/A, 7113.7, 7541.5, 7474.3
04/22/2020, 7129.2, N/A, 6856.8, 7169.6, 7092.2
04/21/2020, 6852, N/A, 6858.2, 6879.7, 6821.8
04/20/2020, 6854.9, N/A, 7162.5, 6907.7, 6818.9
04/19/2020, 7162.6, N/A, 7209.5, 7187.7, 7086.1
04/18/2020, 7209.4, N/A, 7087.7, 7238, 7182.4
04/17/2020, 7083.3, N/A, 7084.6, 7105.9, 7031.5
04/16/2020, 7076.6, N/A, 6651.2, 7118.5, 7039.7
04/15/2020, 6659.5, N/A, 6907, 6663.2, 6520.5
04/14/2020, 6902.3, N/A, 6881.6, 6903.2, 6800.6
04/13/2020, 6884.9, N/A, 6678.7, 6899.5, 6807
04/12/2020, 6684.4, N/A, 6810.9, 6920.1, 6632.7
04/11/2020, 6808.9, N/A, 6900, 6889.8, 6805.7
04/10/2020, 6901, N/A, 7176.7, 6915.5, 6840.6
04/09/2020, 7169.3, N/A, 7288.6, 7294.4, 7166.6
04/08/2020, 7281.3, N/A, 7349.8, 7360.7, 7268.4
04/07/2020, 7356.8, N/A, 7323, 7370.1, 7153.1
04/06/2020, 7304.8, N/A, 6842, 7440.3, 7263.5
04/05/2020, 6836.3, N/A, 6798.4, 6875.8, 6770.1
04/04/2020, 6804.7, N/A, 6704.5, 6889.4, 6794.5
04/03/2020, 6706.4, N/A, 6785.7, 6785.3, 6682.6
04/02/2020, 6799.3, N/A, 6607.5, 6830.2, 6727.8
04/01/2020, 6594.4, N/A, 6370.5, 6727, 6567.9
03/31/2020, 6346.7, N/A, 6443.5, 6425.5, 6273.6
03/30/2020, 6454.3, N/A, 6007.6, 6513.1, 6385.6
03/29/2020, 5998.8, N/A, 6211, 6022.8, 5872.5
03/28/2020, 6214.5, N/A, 6257.4, 6258.8, 6185.3
03/27/2020, 6122.4, N/A, 6778.2, 6374.3, 6085.1
03/26/2020, 6782, N/A, 6687.3, 6813.7, 6727.8
03/25/2020, 6726.3, N/A, 6599.7, 6772.9, 6659.4
03/24/2020, 6571.6, N/A, 6588.4, 6744.8, 6542.3
03/23/2020, 6547.6, N/A, 5898.5, 6643.2, 6462.4
03/22/2020, 5977.5, N/A, 6273.3, 5986.6, 5710.8
03/21/2020, 6349.6, N/A, 6270.8, 6359.5, 6119
03/20/2020, 6246.2, N/A, 6083.7, 6355.5, 6080.8
03/19/2020, 6095.4, N/A, 5289.5, 6261.9, 6019.6
03/18/2020, 5275, N/A, 5343.4, 5404.1, 5256
03/17/2020, 5342.1, N/A, 5231.1, 5362.5, 5220.4
03/16/2020, 5218.8, N/A, 5276.5, 5368.9, 4946.5
03/15/2020, 5267.4, N/A, 5184.3, 5369.3, 5213.4
03/14/2020, 5184.5, N/A, 5572.2, 5277.5, 5120.6
03/13/2020, 5584.1, N/A, 5175.7, 5634.9, 5343.2
03/12/2020, 5105.3, N/A, 7666.1, 5499, 3869.5
03/11/2020, 7653.3, N/A, 7931.1, 7963.1, 7605.8
03/10/2020, 7926.2, N/A, 7906.4, 7964.9, 7872.8
03/09/2020, 7911.4, N/A, 8066.2, 7966.1, 7859.2
03/08/2020, 8052.9, N/A, 8749.2, 8158.8, 8007.4
03/07/2020, 8738.9, N/A, 9074.4, 8888, 8712.7
03/06/2020, 9077.1, N/A, 9048.7, 9141.5, 9064.5
03/05/2020, 9050.1, N/A, 8888.7, 9079.4, 9004.9
03/04/2020, 8745.4, N/A, 8799.2, 8840.3, 8702.7
03/03/2020, 8813.5, N/A, 8840.6, 8830, 8731.5
03/02/2020, 8840.3, N/A, 8640.2, 8911.7, 8798
03/01/2020, 8634.3, N/A, 8582.9, 8648, 8503.1
02/29/2020, 8592.1, N/A, 8745.8, 8665.6, 8532.6
02/28/2020, 8747.9, N/A, 8834.5, 8766.9, 8668.5
02/27/2020, 8853.6, N/A, 8711.6, 8898.7, 8789.8
02/26/2020, 8705.3, N/A, 9182.7, 8804.3, 8538.5
02/25/2020, 9177.8, N/A, 9587.9, 9368.1, 9125.6
02/24/2020, 9592.1, N/A, 9768.7, 9672.3, 9566.7
02/23/2020, 9754.5, N/A, 9844, 9981, 9663.3
02/22/2020, 9839.7, N/A, 9630.3, 9896.9, 9653.4
02/21/2020, 9626.9, N/A, 9692.5, 9706.5, 9625
02/20/2020, 9688, N/A, 9596.6, 9729.7, 9574.5
02/19/2020, 9578.4, N/A, 10111.7, 9653.6, 9525.4
02/18/2020, 10113.9, N/A, 9800.9, 10177.9, 10091.5
02/17/2020, 9640.9, N/A, 9918.3, 9951.5, 9589.9
02/16/2020, 9748.9, N/A, 10022.9, 9951.5, 9716.8
02/15/2020, 10009.8, N/A, 10261.4, 10056.4, 9861.8
02/14/2020, 10275.1, N/A, 10224, 10369.8, 10223.6
02/13/2020, 10232.4, N/A, 10396.4, 10289.8, 10183.1
02/12/2020, 10391.1, N/A, 10273.7, 10425.9, 10305.1
02/11/2020, 10292.6, N/A, 9748.8, 10312.1, 10230.1
02/10/2020, 9733.4, N/A, 10058.1, 9860.4, 9725.1
02/09/2020, 10064, N/A, 10090.6, 10181.7, 10039.8
02/08/2020, 10092.9, N/A, 9758.8, 10115.4, 9882.7
02/07/2020, 9763.2, N/A, 9794.9, 9826, 9673.2
02/06/2020, 9807, N/A, 9642.8, 9849.3, 9749.1
02/05/2020, 9629.3, N/A, 9237.3, 9649.4, 9536.1
02/04/2020, 9236.7, N/A, 9270.5, 9237.3, 9179.9
02/03/2020, 9274.2, N/A, 9390.4, 9347.5, 9262.8
02/02/2020, 9393.5, N/A, 9317.4, 9582.8, 9301.6
02/01/2020, 9317.5, N/A, 9401.5, 9383.4, 9183.1
01/31/2020, 9411.6, N/A, 9414.6, 9458.8, 9342.9
01/30/2020, 9412.1, N/A, 9326.6, 9525, 9405.6
01/29/2020, 9330, N/A, 9331.2, 9355.1, 9209.2
01/28/2020, 9332.6, N/A, 9053.7, 9403.9, 9283.5
01/27/2020, 9078.2, N/A, 8639.7, 9126.4, 8866.6
01/26/2020, 8633.1, N/A, 8368, 8692.5, 8608.1
01/25/2020, 8363, N/A, 8315.9, 8377.2, 8304.9
01/24/2020, 8309.3, N/A, 8308.5, 8447.6, 8277.2
01/23/2020, 8305.9, N/A, 8588.9, 8415.5, 8286.5
01/22/2020, 8584.7, N/A, 8738.1, 8687.3, 8576.8
01/21/2020, 8730.7, N/A, 8671.7, 8751.7, 8699.4
01/20/2020, 8680.7, N/A, 8650.4, 8692.1, 8621.2
01/19/2020, 8662.4, N/A, 9140.3, 8733.3, 8645.2
01/18/2020, 9138.5, N/A, 8845.9, 9183.7, 8893
01/17/2020, 8860.9, N/A, 8808.3, 8982.3, 8832.3
01/16/2020, 8800.9, N/A, 8652.1, 8829.1, 8675.9
01/15/2020, 8659.6, N/A, 8625.9, 8850, 8605.8
01/14/2020, 8662.6, N/A, 8525.2, 8891.7, 8632.3
01/13/2020, 8547.2, N/A, 8126.7, 8562.1, 8112.1
01/12/2020, 8130.8, N/A, 8074.1, 8196.7, 8099.4
01/11/2020, 8075.1, N/A, 8120.3, 8110.4, 7973.1
01/10/2020, 8126, N/A, 7817.1, 8242.3, 8107.9
01/09/2020, 7813.9, N/A, 7969.5, 7871.4, 7792.9
01/08/2020, 7964.8, N/A, 8353.5, 8065.9, 7932.8
01/07/2020, 8332, N/A, 7844.3, 8436.4, 8150.2
01/06/2020, 7834.6, N/A, 7539.3, 7979.3, 7758.9
01/05/2020, 7547.3, N/A, 7466.9, 7583, 7366.7
01/04/2020, 7473.4, N/A, 7340.8, 7501, 7376.7
01/03/2020, 7340.5, N/A, 7200.6, 7354.5, 7291.4
01/02/2020, 7192, N/A, 7145.5, 7220.8, 6884.1
01/01/2020, 7144.6, N/A, 7219, 7209.6, 7121.1
12/31/2019, 7222, N/A, 7253.4, 7239.7, 7180
12/30/2019, 7257.9, N/A, 7396.2, 7284, 7228.1
12/29/2019, 7389, N/A, 7349.6, 7398, 7329.9
12/28/2019, 7350.2, N/A, 7310.2, 7356.8, 7303
12/27/2019, 7262.8, N/A, 7354.5, 7293.8, 7128.5
12/26/2019, 7210.2, N/A, 7199.8, 7247, 7197.2
12/25/2019, 7199.3, N/A, 7256.6, 7238, 7197.4
12/24/2019, 7259.6, N/A, 7335, 7542.4, 7231.7
12/23/2019, 7335.6, N/A, 7561.2, 7348.4, 7290.7
12/22/2019, 7569.3, N/A, 7154.4, 7624, 7496.2
12/21/2019, 7157, N/A, 7160.8, 7168.9, 7143.1
12/20/2019, 7161.9, N/A, 7152.5, 7197.6, 7158.5
12/19/2019, 7150.4, N/A, 7158.5, 7178.7, 7107.7
12/18/2019, 7156.5, N/A, 6676.1, 7354, 7153.8
12/17/2019, 6672.5, N/A, 6903.8, 6711.2, 6597.6
12/16/2019, 6903.3, N/A, 7072.2, 6922.9, 6879.2
12/15/2019, 7071.5, N/A, 7071.8, 7139.8, 7057.8
12/14/2019, 7075.2, N/A, 7257.3, 7089.9, 7033.8
12/13/2019, 7259.3, N/A, 7235.1, 7265.8, 7235.7
12/12/2019, 7242.9, N/A, 7169.1, 7251.9, 7208.2
12/11/2019, 7167.7, N/A, 7230.6, 7272.4, 7124.6
12/10/2019, 7236.4, N/A, 7387.4, 7277, 7210.6
12/09/2019, 7394.6, N/A, 7506.8, 7400.3, 7333.9
12/08/2019, 7512.3, N/A, 7451.2, 7553.5, 7474.8
12/07/2019, 7445.8, N/A, 7563.5, 7517, 7416.7
12/06/2019, 7567.2, N/A, 7407, 7595.7, 7508.4
12/05/2019, 7397.5, N/A, 7213, 7435.4, 7347.4
12/04/2019, 7221.4, N/A, 7157.5, 7340.7, 7184
12/03/2019, 7162.3, N/A, 7303.4, 7292.2, 7129.9
12/02/2019, 7299.3, N/A, 7384.8, 7389.4, 7287.2
12/01/2019, 7361, N/A, 7340.8, 7433.8, 7333.9
11/30/2019, 7341.6, N/A, 7750.8, 7546.5, 7261
11/29/2019, 7745.6, N/A, 7471, 7784, 7729.9
11/28/2019, 7480, N/A, 7484.7, 7507.9, 7412.3
11/27/2019, 7490.6, N/A, 7099.4, 7567.1, 7479.1
11/26/2019, 7111.6, N/A, 7184.1, 7183.8, 7081.1
11/25/2019, 7158, N/A, 6743.3, 7187.8, 7083.1
11/24/2019, 6763, N/A, 7262, 6955.3, 6673.5
11/23/2019, 7244.8, N/A, 7250.7, 7344.1, 7242.8
11/22/2019, 7238.9, N/A, 7648.8, 7281.1, 7156.7
11/21/2019, 7635.2, N/A, 8118.6, 7688.4, 7619.2
11/20/2019, 8114.1, N/A, 8157.1, 8126, 8086.6
11/19/2019, 8135.5, N/A, 8247.4, 8245.6, 8032.8
11/18/2019, 8206.8, N/A, 8464.5, 8245.6, 8197.3
11/17/2019, 8457.7, N/A, 8493.6, 8512.9, 8437.6
11/16/2019, 8499.5, N/A, 8488.9, 8521.1, 8491.1
11/15/2019, 8470.2, N/A, 8569.3, 8492.1, 8450.7
11/14/2019, 8574.6, N/A, 8754.2, 8668, 8538.7
11/13/2019, 8758.9, N/A, 8754.4, 8799.8, 8748.4
11/12/2019, 8761.7, N/A, 8742, 8829.7, 8757.4
11/11/2019, 8763.2, N/A, 9054, 8769.9, 8720.8
11/10/2019, 9037.4, N/A, 8777.6, 9066.4, 9028.6
11/09/2019, 8770.7, N/A, 8824.4, 8804.7, 8768.5
11/08/2019, 8834.5, N/A, 9238.7, 8840.3, 8748.5
11/07/2019, 9248.5, N/A, 9304.1, 9250.1, 9194.4
11/06/2019, 9293.7, N/A, 9310.7, 9367, 9285
11/05/2019, 9319.6, N/A, 9431.5, 9336.6, 9279.2
11/04/2019, 9421.2, N/A, 9164.2, 9452.7, 9349.5
11/03/2019, 9174, N/A, 9357.7, 9208.5, 9148
11/02/2019, 9316.3, N/A, 9243.6, 9332.3, 9300.1
11/01/2019, 9244.8, N/A, 9099.3, 9270.1, 9217.9
10/31/2019, 9124, N/A, 9143.9, 9154.1, 9113
10/30/2019, 9116.4, N/A, 9382.8, 9202.5, 9066.1
10/29/2019, 9359.7, N/A, 9285.9, 9411.3, 9288.8
10/28/2019, 9284.8, N/A, 9690.5, 9304.3, 9203.6
10/27/2019, 9710, N/A, 9161.7, 9866.9, 9530.1
10/26/2019, 9129.9, N/A, 10093, 9359.6, 9114.5
10/25/2019, 8575.9, N/A, 7444.2, 8888.9, 8565
10/24/2019, 7443.9, N/A, 7450.5, 7448.8, 7423
10/23/2019, 7447.1, N/A, 8039.7, 7501.5, 7432.3
10/22/2019, 8031.1, N/A, 8173.5, 8055, 8011.2
10/21/2019, 8190, N/A, 8204.6, 8207.8, 8174.7
10/20/2019, 8217.2, N/A, 7910.5, 8232.6, 8191.9
10/19/2019, 7917.6, N/A, 7921.9, 7959, 7898.9
10/18/2019, 7906.3, N/A, 8109.7, 7952.6, 7903.3
10/17/2019, 8109.1, N/A, 7968.6, 8109.1, 8056.4
10/16/2019, 7976.1, N/A, 8178.8, 8002, 7967.3
10/15/2019, 8170, N/A, 8332.3, 8185.9, 8153.7
10/14/2019, 8331.9, N/A, 8291.1, 8400.2, 8319.6
10/13/2019, 8298.4, N/A, 8341.8, 8307.7, 8251.8
10/12/2019, 8350.4, N/A, 8314.3, 8365, 8289.1
10/11/2019, 8304.3, N/A, 8515.6, 8330.6, 8260.9
10/10/2019, 8512.2, N/A, 8534.3, 8573.6, 8488.1
10/09/2019, 8528.9, N/A, 8169.2, 8591.5, 8524.5
10/08/2019, 8166.4, N/A, 8280.6, 8205.6, 8159.6
10/07/2019, 8282.3, N/A, 7834.5, 8287.6, 8198.5
10/06/2019, 7965.4, N/A, 8140.4, 8145.5, 7944.2
10/05/2019, 8064.4, N/A, 8141.7, 8145.5, 8031.4
10/04/2019, 8121.6, N/A, 8129.6, 8160.3, 8116.6
10/03/2019, 8131.8, N/A, 8347.2, 8233.6, 8079.3
10/02/2019, 8341.7, N/A, 8289.4, 8391.7, 8315.4
10/01/2019, 8293.4, N/A, 8269.6, 8330, 8277.5
09/30/2019, 8275.9, N/A, 8022.2, 8293.1, 8187.9
09/29/2019, 7995, N/A, 8178.3, 8060, 7978.6
09/28/2019, 8165.8, N/A, 8170.8, 8226.8, 8164.7
09/27/2019, 8151.5, N/A, 7996, 8213.9, 8129
09/26/2019, 7970.9, N/A, 8385.5, 8091.3, 7957.2
09/25/2019, 8364.4, N/A, 8695.5, 8443.3, 8355.6
09/24/2019, 8682.6, N/A, 9734.5, 8729.8, 8510.2
09/23/2019, 9720.3, N/A, 9974.5, 9787.6, 9630.4
09/22/2019, 9992.3, N/A, 9916, 10048.8, 9968.3
09/21/2019, 9908.8, N/A, 10155.9, 10008, 9885.3
09/20/2019, 10163.7, N/A, 10204, 10177.9, 10147.6
09/19/2019, 10235.3, N/A, 10181.1, 10279.5, 10217.6
09/18/2019, 10139.6, N/A, 10248.4, 10187.4, 10118
09/17/2019, 10226.5, N/A, 10217, 10230.7, 10191.6
09/16/2019, 10233.8, N/A, 10346, 10261.2, 10198.4
09/15/2019, 10348.6, N/A, 10325.4, 10360.5, 10309
09/14/2019, 10319, N/A, 10305.9, 10360.4, 10312.2
09/13/2019, 10303.3, N/A, 10337.4, 10355, 10299.1
09/12/2019, 10372.2, N/A, 10132.4, 10441.4, 10336.7
09/11/2019, 10109.6, N/A, 10076.4, 10200.7, 10107
09/10/2019, 10080.7, N/A, 10334.3, 10257.5, 10075.1
09/09/2019, 10408.1, N/A, 10392.9, 10478, 10095.7
09/08/2019, 10361.1, N/A, 10485.9, 10411.9, 10360.5
09/07/2019, 10487.1, N/A, 10335.5, 10515.1, 10461.6
09/06/2019, 10363.7, N/A, 10643.7, 10379.4, 10302.3
09/05/2019, 10586, N/A, 10533.7, 10596.9, 10557.8
09/04/2019, 10512.6, N/A, 10532.2, 10571.1, 10497.4
08/16/2019, 10416.8, N/A, 10042, 10530.9, 9788.6
08/15/2019, 10376, N/A, 10040.1, 10413.8, 10253.9
08/14/2019, 10013.8, N/A, 10612.1, 10195.2, 10013.8
08/13/2019, 10640.9, N/A, 11406.1, 10894.5, 10554.4
08/11/2019, 11354.6, N/A, 11583, 11728.4, 11146.1
08/10/2019, 11391, N/A, 12117.7, 11445, 11300.6
08/06/2019, 11786.2, N/A, 11628.9, 12291.9, 11588.7
08/05/2019, 11601.4, N/A, 11410.6, 11830.2, 11588.7
08/04/2019, 11389.1, N/A, 10850.7, 11443.7, 10935.5
08/03/2019, 10845.5, N/A, 10641, 10889, 10810.1
08/02/2019, 10775.8, N/A, 10381.7, 10785.3, 10504.5
08/01/2019, 10385.5, N/A, 10024.7, 10439.9, 10331.9
07/31/2019, 10010.7, N/A, 9692.7, 10145, 9993.1
07/30/2019, 9678.3, N/A, 9504.1, 9703.9, 9562.4
07/29/2019, 9544.6, N/A, 9802.1, 9607.5, 9544.6
07/28/2019, 9774.8, N/A, 9513.1, 9835.4, 9697
07/27/2019, 9485.7, N/A, 10142.1, 9499.3, 9401.1
07/26/2019, 10156.1, N/A, 9777.3, 10232.3, 9818.2
07/25/2019, 9756.4, N/A, 10103.2, 9947.4, 9732.8
07/24/2019, 10127, N/A, 9704.9, 10203.3, 9776.6
07/23/2019, 9647.7, N/A, 10306.2, 9888.9, 9628.2
07/22/2019, 10326.5, N/A, 10722.2, 10414.6, 10294.8
07/21/2019, 10727.8, N/A, 10866, 10806.3, 10693.7
07/20/2019, 10754.4, N/A, 10588.4, 10883.8, 10746.9
07/19/2019, 10544.6, N/A, 10578.8, 10650.4, 10462
07/18/2019, 10594.8, N/A, 9824.1, 10721.9, 10590.3
07/17/2019, 9777.4, N/A, 9460.3, 9858.7, 9617.8
07/16/2019, 9283.5, N/A, 10918.3, 9613.6, 9252.9
07/15/2019, 10792.9, N/A, 10100.4, 11019.5, 10772.3
07/14/2019, 10036.4, N/A, 11389.5, 10201.9, 9885.4
07/13/2019, 11374.2, N/A, 11670.7, 11448.7, 11274.6
07/12/2019, 11686.5, N/A, 11381.9, 11798.4, 11624.6
07/11/2019, 11368.1, N/A, 11966.2, 11519.8, 11224.6
07/10/2019, 11924.8, N/A, 13016.1, 12111.3, 11810.9
07/09/2019, 13025, N/A, 12497.9, 13026.8, 12523.2
07/08/2019, 12622.1, N/A, 11408, 12660, 12187.4
07/07/2019, 11384.4, N/A, 11231.9, 11456.5, 11352.6
07/06/2019, 11167.4, N/A, 11323.7, 11266.8, 11155.7
07/05/2019, 11332.7, N/A, 11133.3, 11378.1, 10967.9
07/04/2019, 11226, N/A, 11805.3, 11277, 11045.7
07/03/2019, 11829.6, N/A, 11339.5, 11948, 11721.4
07/02/2019, 11268.4, N/A, 10274.7, 11422.4, 10836.4
07/01/2019, 10327, N/A, 11055.3, 10685.5, 10225.9
06/30/2019, 11074.2, N/A, 12071.6, 11146.9, 10728.1
06/29/2019, 12063.6, N/A, 11955.6, 12140.1, 11906
06/28/2019, 11701.5, N/A, 11166.8, 12422.9, 11673.1
06/27/2019, 11317.6, N/A, 12888.8, 11718.4, 11199.8
06/26/2019, 12785.1, N/A, 11914.6, 13422, 12543.1
06/25/2019, 11848.4, N/A, 11143.3, 11985.3, 11747.3
06/24/2019, 11109, N/A, 10700, 11116.8, 11033.7
06/23/2019, 10744.4, N/A, 10879, 10897.3, 10630.9
06/22/2019, 10834.9, N/A, 10469, 10947.1, 10703.9
06/21/2019, 10734.3, N/A, 9715.4, 10734.3, 10031.3
06/20/2019, 9736.7, N/A, 9318.5, 9785.1, 9517.4
06/19/2019, 9245, N/A, 9138, 9275.9, 9228.7
06/18/2019, 9136.9, N/A, 9234, 9169.1, 9044
06/17/2019, 9311.2, N/A, 9112.2, 9336.1, 9236.1
06/16/2019, 9111.9, N/A, 8919.3, 9175, 8960.1
06/15/2019, 8955.3, N/A, 8584.4, 8955.5, 8771.1
06/14/2019, 8628.5, N/A, 8180, 8668.3, 8582.3
06/13/2019, 8177.4, N/A, 8104.7, 8240.5, 8153.2
06/12/2019, 8093.7, N/A, 7832.7, 8145.3, 8085.5
06/11/2019, 7837.3, N/A, 7940.9, 7894.6, 7805.8
06/10/2019, 7940.8, N/A, 7619.2, 8010.4, 7928.5
06/09/2019, 7636.8, N/A, 7847.8, 7658.4, 7523.6
06/08/2019, 7878.4, N/A, 8036.7, 7937.5, 7851.3
06/07/2019, 7969.2, N/A, 7774.4, 8044.4, 7962.3
06/06/2019, 7778.1, N/A, 7831.5, 7813.7, 7752.9
06/05/2019, 7825, N/A, 7759.7, 7848.7, 7751.1
06/04/2019, 7759.7, N/A, 8017.4, 7793.8, 7685.7
06/03/2019, 8000.9, N/A, 8677, 8118.1, 7824
06/02/2019, 8687.7, N/A, 8569.3, 8734.9, 8631.5
06/01/2019, 8574.7, N/A, 8549.8, 8592.2, 8534.8
05/31/2019, 8552.8, N/A, 8342.9, 8584, 8499.4
05/30/2019, 8342.4, N/A, 8595.9, 8382.8, 8269
05/29/2019, 8590.6, N/A, 8656.4, 8715.1, 8558.5
05/28/2019, 8644.5, N/A, 8772.6, 8715.6, 8617.6
05/27/2019, 8782.5, N/A, 8745.3, 8794.1, 8724.6
05/26/2019, 8666.6, N/A, 7986.2, 8838.9, 8627.9
05/25/2019, 8015.8, N/A, 8009.9, 8046.5, 7997.6
05/24/2019, 8000.2, N/A, 7839.1, 8033.1, 7941
05/23/2019, 7823.4, N/A, 7659.8, 7906.8, 7816.6
05/22/2019, 7598.8, N/A, 7936.5, 7679.3, 7558.3
05/21/2019, 7941.1, N/A, 7906.1, 7998.4, 7906.7
05/20/2019, 7893, N/A, 7898.9, 8016.8, 7836.3
05/19/2019, 7912.2, N/A, 7689.2, 8156.4, 7818.2
05/18/2019, 7704.4, N/A, 7298.5, 7772.2, 7252.3
05/17/2019, 7308.4, N/A, 7798.8, 7434.6, 7242.2
05/16/2019, 7772.7, N/A, 8287.2, 7924, 7765
05/15/2019, 8246.1, N/A, 8007.8, 8288.2, 8142
05/14/2019, 8011.3, N/A, 7880.2, 8123.4, 7963.3
05/13/2019, 7889.9, N/A, 7047.8, 8041, 7784.8
05/12/2019, 7056.8, N/A, 7155.5, 7087.4, 6893.1
05/11/2019, 6910.2, N/A, 6421.5, 6974.3, 6386.5
05/10/2019, 6499.5, N/A, 6267.7, 6518.5, 6386.5
05/09/2019, 6225.4, N/A, 6088.9, 6225.8, 6157.8
05/08/2019, 6081.3, N/A, 5876.7, 6105, 5990
05/07/2019, 5880.1, N/A, 5949.2, 5891.3, 5799.1
05/06/2019, 5944.2, N/A, 5692.5, 5944.2, 5745.5
05/05/2019, 5688.1, N/A, 5640.4, 5774.5, 5688.1
05/04/2019, 5819.9, N/A, 5230.5, 5821, 5319.5
05/03/2019, 5837, N/A, 5230.5, 5837, 5319.5
03/18/2019, 3974.4, N/A, 3983.8, 4032.3, 3958.5
03/17/2019, 3979.6, N/A, 4012.5, 4009.8, 3956.3
03/16/2019, 4001.9, N/A, 3922.4, 4050.6, 3923.7
03/15/2019, 3926.7, N/A, 3882.7, 3935.7, 3874.8
03/14/2019, 3879.8, N/A, 3864.6, 3914.7, 3828.4
03/13/2019, 3864.9, N/A, 3887.6, 3894.7, 3847.4
03/12/2019, 3886, N/A, 3870.3, 3900.1, 3817.1
03/11/2019, 3865.1, N/A, 3915.6, 3935.5, 3842.4
03/10/2019, 3915.2, N/A, 3944.3, 3944.5, 3889.2
03/09/2019, 3944.4, N/A, 3865.9, 3964, 3859.7
03/08/2019, 3865.9, N/A, 3875.1, 3929, 3810.7
